"No.","Time","Source","Destination","Protocol","Length","HID Data","Array","Info"
"25","0.017386","host","2.11.1","USB","27","","","URB_INTERRUPT in"
"26","0.017408","host","2.11.1","USB","27","","","URB_INTERRUPT in"
"31","0.023943","host","2.11.2","USB","27","","","URB_INTERRUPT in"
"32","0.023971","host","2.11.2","USB","27","","","URB_INTERRUPT in"
"41","20.602681","2.11.1","host","USB","35","0200000000000000","000000000000","URB_INTERRUPT in"
"42","20.602718","host","2.11.1","USB","27","","","URB_INTERRUPT in"
"43","22.258669","2.11.1","host","USB","35","0200180000000000","180000000000","URB_INTERRUPT in"
"44","22.258711","host","2.11.1","USB","27","","","URB_INTERRUPT in"
"45","22.386594","2.11.1","host","USB","35","0200000000000000","000000000000","URB_INTERRUPT in"
"46","22.386668","host","2.11.1","USB","27","","","URB_INTERRUPT in"
"47","22.818574","2.11.1","host","USB","35","0000000000000000","000000000000","URB_INTERRUPT in"
"48","22.818672","host","2.11.1","USB","27","","","URB_INTERRUPT in"
"49","22.826715","2.11.1","host","USB","35","0000000000000000","000000000000","URB_INTERRUPT in"
"50","22.826775","host","2.11.1","USB","27","","","URB_INTERRUPT in"
"51","23.690674","2.11.1","host","USB","35","0200000000000000","000000000000","URB_INTERRUPT in"
"52","23.690709","host","2.11.1","USB","27","","","URB_INTERRUPT in"
"53","24.554675","2.11.1","host","USB","35","02000a0000000000","0a0000000000","URB_INTERRUPT in"
"54","24.554713","host","2.11.1","USB","27","","","URB_INTERRUPT in"
"55","24.674558","2.11.1","host","USB","35","0200000000000000","000000000000","URB_INTERRUPT in"
"56","24.674602","host","2.11.1","USB","27","","","URB_INTERRUPT in"
"57","25.666653","2.11.1","host","USB","35","0000000000000000","000000000000","URB_INTERRUPT in"
"58","25.666692","host","2.11.1","USB","27","","","URB_INTERRUPT in"
"59","25.674686","2.11.1","host","USB","35","0000000000000000","000000000000","URB_INTERRUPT in"
"60","25.674709","host","2.11.1","USB","27","","","URB_INTERRUPT in"
"61","27.026754","2.11.1","host","USB","35","00001b0000000000","1b0000000000","URB_INTERRUPT in"
"62","27.026872","host","2.11.1","USB","27","","","URB_INTERRUPT in"
"63","27.122655","2.11.1","host","USB","35","0000000000000000","000000000000","URB_INTERRUPT in"
"64","27.122690","host","2.11.1","USB","27","","","URB_INTERRUPT in"
"65","27.130638","2.11.1","host","USB","35","0000000000000000","000000000000","URB_INTERRUPT in"
"66","27.130673","host","2.11.1","USB","27","","","URB_INTERRUPT in"
"67","29.002659","2.11.1","host","USB","35","0000230000000000","230000000000","URB_INTERRUPT in"
"68","29.002750","host","2.11.1","USB","27","","","URB_INTERRUPT in"
"69","29.138629","2.11.1","host","USB","35","0000000000000000","000000000000","URB_INTERRUPT in"
"70","29.138665","host","2.11.1","USB","27","","","URB_INTERRUPT in"
"71","29.146635","2.11.1","host","USB","35","0000000000000000","000000000000","URB_INTERRUPT in"
"72","29.146663","host","2.11.1","USB","27","","","URB_INTERRUPT in"
"73","30.818636","2.11.1","host","USB","35","0200000000000000","000000000000","URB_INTERRUPT in"
"74","30.818705","host","2.11.1","USB","27","","","URB_INTERRUPT in"
"75","31.306649","2.11.1","host","USB","35","02001b0000000000","1b0000000000","URB_INTERRUPT in"
"76","31.306696","host","2.11.1","USB","27","","","URB_INTERRUPT in"
"77","31.450566","2.11.1","host","USB","35","0200000000000000","000000000000","URB_INTERRUPT in"
"78","31.450606","host","2.11.1","USB","27","","","URB_INTERRUPT in"
"79","32.026649","2.11.1","host","USB","35","0000000000000000","000000000000","URB_INTERRUPT in"
"80","32.026687","host","2.11.1","USB","27","","","URB_INTERRUPT in"
"81","32.034629","2.11.1","host","USB","35","0000000000000000","000000000000","URB_INTERRUPT in"
"82","32.034658","host","2.11.1","USB","27","","","URB_INTERRUPT in"
"83","33.322624","2.11.1","host","USB","35","0000200000000000","200000000000","URB_INTERRUPT in"
"84","33.322668","host","2.11.1","USB","27","","","URB_INTERRUPT in"
"85","33.426522","2.11.1","host","USB","35","0000000000000000","000000000000","URB_INTERRUPT in"
"86","33.426599","host","2.11.1","USB","27","","","URB_INTERRUPT in"
"87","33.434505","2.11.1","host","USB","35","0000000000000000","000000000000","URB_INTERRUPT in"
"88","33.434530","host","2.11.1","USB","27","","","URB_INTERRUPT in"
"89","35.602683","2.11.1","host","USB","35","0200000000000000","000000000000","URB_INTERRUPT in"
"90","35.602719","host","2.11.1","USB","27","","","URB_INTERRUPT in"
"91","37.346630","2.11.1","host","USB","35","0200050000000000","050000000000","URB_INTERRUPT in"
"92","37.346666","host","2.11.1","USB","27","","","URB_INTERRUPT in"
"93","37.482626","2.11.1","host","USB","35","0200000000000000","000000000000","URB_INTERRUPT in"
"94","37.482716","host","2.11.1","USB","27","","","URB_INTERRUPT in"
"95","38.002609","2.11.1","host","USB","35","0000000000000000","000000000000","URB_INTERRUPT in"
"96","38.002657","host","2.11.1","USB","27","","","URB_INTERRUPT in"
"97","38.010524","2.11.1","host","USB","35","0000000000000000","000000000000","URB_INTERRUPT in"
"98","38.010579","host","2.11.1","USB","27","","","URB_INTERRUPT in"
"99","39.490520","2.11.1","host","USB","35","00001c0000000000","1c0000000000","URB_INTERRUPT in"
"100","39.490591","host","2.11.1","USB","27","","","URB_INTERRUPT in"
"101","39.618491","2.11.1","host","USB","35","0000000000000000","000000000000","URB_INTERRUPT in"
"102","39.618558","host","2.11.1","USB","27","","","URB_INTERRUPT in"
"103","39.626492","2.11.1","host","USB","35","0000000000000000","000000000000","URB_INTERRUPT in"
"104","39.626553","host","2.11.1","USB","27","","","URB_INTERRUPT in"
"105","40.850610","2.11.1","host","USB","35","0200000000000000","000000000000","URB_INTERRUPT in"
"106","40.850687","host","2.11.1","USB","27","","","URB_INTERRUPT in"
"107","41.930522","2.11.1","host","USB","35","0200100000000000","100000000000","URB_INTERRUPT in"
"108","41.930564","host","2.11.1","USB","27","","","URB_INTERRUPT in"
"109","42.098488","2.11.1","host","USB","35","0200000000000000","000000000000","URB_INTERRUPT in"
"110","42.098566","host","2.11.1","USB","27","","","URB_INTERRUPT in"
"111","43.874584","2.11.1","host","USB","35","02000b0000000000","0b0000000000","URB_INTERRUPT in"
"112","43.874619","host","2.11.1","USB","27","","","URB_INTERRUPT in"
"113","44.034585","2.11.1","host","USB","35","0200000000000000","000000000000","URB_INTERRUPT in"
"114","44.034626","host","2.11.1","USB","27","","","URB_INTERRUPT in"
"115","46.258699","2.11.1","host","USB","35","02001c0000000000","1c0000000000","URB_INTERRUPT in"
"116","46.258906","host","2.11.1","USB","27","","","URB_INTERRUPT in"
"117","46.386455","2.11.1","host","USB","35","0200000000000000","000000000000","URB_INTERRUPT in"
"118","46.386487","host","2.11.1","USB","27","","","URB_INTERRUPT in"
"119","47.378496","2.11.1","host","USB","35","0000000000000000","000000000000","URB_INTERRUPT in"
"120","47.378549","host","2.11.1","USB","27","","","URB_INTERRUPT in"
"121","47.386568","2.11.1","host","USB","35","0000000000000000","000000000000","URB_INTERRUPT in"
"122","47.386595","host","2.11.1","USB","27","","","URB_INTERRUPT in"
"123","47.962568","2.11.1","host","USB","35","00001b0000000000","1b0000000000","URB_INTERRUPT in"
"124","47.962608","host","2.11.1","USB","27","","","URB_INTERRUPT in"
"125","48.082449","2.11.1","host","USB","35","0000000000000000","000000000000","URB_INTERRUPT in"
"126","48.082485","host","2.11.1","USB","27","","","URB_INTERRUPT in"
"127","48.090456","2.11.1","host","USB","35","0000000000000000","000000000000","URB_INTERRUPT in"
"128","48.090512","host","2.11.1","USB","27","","","URB_INTERRUPT in"
"129","49.434452","2.11.1","host","USB","35","0200000000000000","000000000000","URB_INTERRUPT in"
"130","49.434517","host","2.11.1","USB","27","","","URB_INTERRUPT in"
"131","50.346463","2.11.1","host","USB","35","02001d0000000000","1d0000000000","URB_INTERRUPT in"
"132","50.346521","host","2.11.1","USB","27","","","URB_INTERRUPT in"
"133","50.458512","2.11.1","host","USB","35","0200000000000000","000000000000","URB_INTERRUPT in"
"134","50.458551","host","2.11.1","USB","27","","","URB_INTERRUPT in"
"135","51.842490","2.11.1","host","USB","35","02000a0000000000","0a0000000000","URB_INTERRUPT in"
"136","51.842524","host","2.11.1","USB","27","","","URB_INTERRUPT in"
"137","51.922553","2.11.1","host","USB","35","0200000000000000","000000000000","URB_INTERRUPT in"
"138","51.922635","host","2.11.1","USB","27","","","URB_INTERRUPT in"
"139","53.330561","2.11.1","host","USB","35","0200190000000000","190000000000","URB_INTERRUPT in"
"140","53.330648","host","2.11.1","USB","27","","","URB_INTERRUPT in"
"141","53.458449","2.11.1","host","USB","35","0200000000000000","000000000000","URB_INTERRUPT in"
"142","53.458550","host","2.11.1","USB","27","","","URB_INTERRUPT in"
"143","54.226468","2.11.1","host","USB","35","0000000000000000","000000000000","URB_INTERRUPT in"
"144","54.226574","host","2.11.1","USB","27","","","URB_INTERRUPT in"
"145","54.234551","2.11.1","host","USB","35","0000000000000000","000000000000","URB_INTERRUPT in"
"146","54.234612","host","2.11.1","USB","27","","","URB_INTERRUPT in"
"147","55.154550","2.11.1","host","USB","35","0000090000000000","090000000000","URB_INTERRUPT in"
"148","55.154627","host","2.11.1","USB","27","","","URB_INTERRUPT in"
"149","55.298556","2.11.1","host","USB","35","0000000000000000","000000000000","URB_INTERRUPT in"
"150","55.298641","host","2.11.1","USB","27","","","URB_INTERRUPT in"
"151","55.306485","2.11.1","host","USB","35","0000000000000000","000000000000","URB_INTERRUPT in"
"152","55.306508","host","2.11.1","USB","27","","","URB_INTERRUPT in"
"153","56.370431","2.11.1","host","USB","35","0000080000000000","080000000000","URB_INTERRUPT in"
"154","56.370483","host","2.11.1","USB","27","","","URB_INTERRUPT in"
"155","56.434433","2.11.1","host","USB","35","0000000000000000","000000000000","URB_INTERRUPT in"
"156","56.434504","host","2.11.1","USB","27","","","URB_INTERRUPT in"
"157","56.442419","2.11.1","host","USB","35","0000000000000000","000000000000","URB_INTERRUPT in"
"158","56.442451","host","2.11.1","USB","27","","","URB_INTERRUPT in"
"159","57.922542","2.11.1","host","USB","35","0200000000000000","000000000000","URB_INTERRUPT in"
"160","57.922629","host","2.11.1","USB","27","","","URB_INTERRUPT in"
"161","58.250536","2.11.1","host","USB","35","0200170000000000","170000000000","URB_INTERRUPT in"
"162","58.250617","host","2.11.1","USB","27","","","URB_INTERRUPT in"
"163","58.322591","2.11.1","host","USB","35","0200000000000000","000000000000","URB_INTERRUPT in"
"164","58.322658","host","2.11.1","USB","27","","","URB_INTERRUPT in"
"165","59.714420","2.11.1","host","USB","35","0200050000000000","050000000000","URB_INTERRUPT in"
"166","59.714488","host","2.11.1","USB","27","","","URB_INTERRUPT in"
"167","59.866549","2.11.1","host","USB","35","0200000000000000","000000000000","URB_INTERRUPT in"
"168","59.866596","host","2.11.1","USB","27","","","URB_INTERRUPT in"
"169","60.034458","2.11.1","host","USB","35","0000000000000000","000000000000","URB_INTERRUPT in"
"170","60.034492","host","2.11.1","USB","27","","","URB_INTERRUPT in"
"171","60.042441","2.11.1","host","USB","35","0000000000000000","000000000000","URB_INTERRUPT in"
"172","60.042492","host","2.11.1","USB","27","","","URB_INTERRUPT in"
"173","61.458513","2.11.1","host","USB","35","00001e0000000000","1e0000000000","URB_INTERRUPT in"
"174","61.458571","host","2.11.1","USB","27","","","URB_INTERRUPT in"
"175","61.578404","2.11.1","host","USB","35","0000000000000000","000000000000","URB_INTERRUPT in"
"176","61.578449","host","2.11.1","USB","27","","","URB_INTERRUPT in"
"177","61.586445","2.11.1","host","USB","35","0000000000000000","000000000000","URB_INTERRUPT in"
"178","61.586476","host","2.11.1","USB","27","","","URB_INTERRUPT in"
"179","62.906501","2.11.1","host","USB","35","0000060000000000","060000000000","URB_INTERRUPT in"
"180","62.906542","host","2.11.1","USB","27","","","URB_INTERRUPT in"
"181","63.010409","2.11.1","host","USB","35","0000000000000000","000000000000","URB_INTERRUPT in"
"182","63.010487","host","2.11.1","USB","27","","","URB_INTERRUPT in"
"183","63.018392","2.11.1","host","USB","35","0000000000000000","000000000000","URB_INTERRUPT in"
"184","63.018418","host","2.11.1","USB","27","","","URB_INTERRUPT in"
"185","69.650480","2.11.1","host","USB","35","00000f0000000000","0f0000000000","URB_INTERRUPT in"
"186","69.650519","host","2.11.1","USB","27","","","URB_INTERRUPT in"
"187","69.834510","2.11.1","host","USB","35","0000000000000000","000000000000","URB_INTERRUPT in"
"188","69.834586","host","2.11.1","USB","27","","","URB_INTERRUPT in"
"189","69.842521","2.11.1","host","USB","35","0000000000000000","000000000000","URB_INTERRUPT in"
"190","69.842562","host","2.11.1","USB","27","","","URB_INTERRUPT in"
"191","71.634469","2.11.1","host","USB","35","0000260000000000","260000000000","URB_INTERRUPT in"
"192","71.634547","host","2.11.1","USB","27","","","URB_INTERRUPT in"
"193","71.786380","2.11.1","host","USB","35","0000000000000000","000000000000","URB_INTERRUPT in"
"194","71.786459","host","2.11.1","USB","27","","","URB_INTERRUPT in"
"195","71.794477","2.11.1","host","USB","35","0000000000000000","000000000000","URB_INTERRUPT in"
"196","71.794503","host","2.11.1","USB","27","","","URB_INTERRUPT in"
"197","74.002365","2.11.1","host","USB","35","00001e0000000000","1e0000000000","URB_INTERRUPT in"
"198","74.002412","host","2.11.1","USB","27","","","URB_INTERRUPT in"
"199","74.090488","2.11.1","host","USB","35","0000000000000000","000000000000","URB_INTERRUPT in"
"200","74.090537","host","2.11.1","USB","27","","","URB_INTERRUPT in"
"201","74.098483","2.11.1","host","USB","35","0000000000000000","000000000000","URB_INTERRUPT in"
"202","74.098504","host","2.11.1","USB","27","","","URB_INTERRUPT in"
"203","75.098348","2.11.1","host","USB","35","0000060000000000","060000000000","URB_INTERRUPT in"
"204","75.098379","host","2.11.1","USB","27","","","URB_INTERRUPT in"
"205","75.202470","2.11.1","host","USB","35","0000000000000000","000000000000","URB_INTERRUPT in"
"206","75.202536","host","2.11.1","USB","27","","","URB_INTERRUPT in"
"207","75.210353","2.11.1","host","USB","35","0000000000000000","000000000000","URB_INTERRUPT in"
"208","75.210409","host","2.11.1","USB","27","","","URB_INTERRUPT in"
"209","76.698359","2.11.1","host","USB","35","00001d0000000000","1d0000000000","URB_INTERRUPT in"
"210","76.698441","host","2.11.1","USB","27","","","URB_INTERRUPT in"
"211","76.786464","2.11.1","host","USB","35","0000000000000000","000000000000","URB_INTERRUPT in"
"212","76.786531","host","2.11.1","USB","27","","","URB_INTERRUPT in"
"213","76.794385","2.11.1","host","USB","35","0000000000000000","000000000000","URB_INTERRUPT in"
"214","76.794411","host","2.11.1","USB","27","","","URB_INTERRUPT in"
"215","79.074455","2.11.1","host","USB","35","0200000000000000","000000000000","URB_INTERRUPT in"
"216","79.074535","host","2.11.1","USB","27","","","URB_INTERRUPT in"
"217","80.402459","2.11.1","host","USB","35","0200110000000000","110000000000","URB_INTERRUPT in"
"218","80.402538","host","2.11.1","USB","27","","","URB_INTERRUPT in"
"219","80.594453","2.11.1","host","USB","35","0200000000000000","000000000000","URB_INTERRUPT in"
"220","80.594489","host","2.11.1","USB","27","","","URB_INTERRUPT in"
"221","81.418458","2.11.1","host","USB","35","0000000000000000","000000000000","URB_INTERRUPT in"
"222","81.418528","host","2.11.1","USB","27","","","URB_INTERRUPT in"
"223","81.426451","2.11.1","host","USB","35","0000000000000000","000000000000","URB_INTERRUPT in"
"224","81.426490","host","2.11.1","USB","27","","","URB_INTERRUPT in"
"225","82.282422","2.11.1","host","USB","35","00001c0000000000","1c0000000000","URB_INTERRUPT in"
"226","82.282504","host","2.11.1","USB","27","","","URB_INTERRUPT in"
"227","82.378444","2.11.1","host","USB","35","0000000000000000","000000000000","URB_INTERRUPT in"
"228","82.378506","host","2.11.1","USB","27","","","URB_INTERRUPT in"
"229","82.386328","2.11.1","host","USB","35","0000000000000000","000000000000","URB_INTERRUPT in"
"230","82.386378","host","2.11.1","USB","27","","","URB_INTERRUPT in"
"231","85.402357","2.11.1","host","USB","35","0000050000000000","050000000000","URB_INTERRUPT in"
"232","85.402404","host","2.11.1","USB","27","","","URB_INTERRUPT in"
"233","85.546362","2.11.1","host","USB","35","0000000000000000","000000000000","URB_INTERRUPT in"
"234","85.546393","host","2.11.1","USB","27","","","URB_INTERRUPT in"
"235","85.554341","2.11.1","host","USB","35","0000000000000000","000000000000","URB_INTERRUPT in"
"236","85.554361","host","2.11.1","USB","27","","","URB_INTERRUPT in"
"237","87.546419","2.11.1","host","USB","35","00000d0000000000","0d0000000000","URB_INTERRUPT in"
"238","87.546455","host","2.11.1","USB","27","","","URB_INTERRUPT in"
"239","87.690431","2.11.1","host","USB","35","0000000000000000","000000000000","URB_INTERRUPT in"
"240","87.690470","host","2.11.1","USB","27","","","URB_INTERRUPT in"
"241","87.698420","2.11.1","host","USB","35","0000000000000000","000000000000","URB_INTERRUPT in"
"242","87.698444","host","2.11.1","USB","27","","","URB_INTERRUPT in"
"243","88.994419","2.11.1","host","USB","35","0200000000000000","000000000000","URB_INTERRUPT in"
"244","88.994452","host","2.11.1","USB","27","","","URB_INTERRUPT in"
"245","89.690295","2.11.1","host","USB","35","0200150000000000","150000000000","URB_INTERRUPT in"
"246","89.690344","host","2.11.1","USB","27","","","URB_INTERRUPT in"
"247","89.810299","2.11.1","host","USB","35","0200000000000000","000000000000","URB_INTERRUPT in"
"248","89.810366","host","2.11.1","USB","27","","","URB_INTERRUPT in"
"249","89.970308","2.11.1","host","USB","35","0000000000000000","000000000000","URB_INTERRUPT in"
"250","89.970404","host","2.11.1","USB","27","","","URB_INTERRUPT in"
"251","89.978346","2.11.1","host","USB","35","0000000000000000","000000000000","URB_INTERRUPT in"
"252","89.978376","host","2.11.1","USB","27","","","URB_INTERRUPT in"
"253","92.706310","2.11.1","host","USB","35","0000170000000000","170000000000","URB_INTERRUPT in"
"254","92.706412","host","2.11.1","USB","27","","","URB_INTERRUPT in"
"255","92.850338","2.11.1","host","USB","35","0000000000000000","000000000000","URB_INTERRUPT in"
"256","92.850374","host","2.11.1","USB","27","","","URB_INTERRUPT in"
"257","92.858327","2.11.1","host","USB","35","0000000000000000","000000000000","URB_INTERRUPT in"
"258","92.858346","host","2.11.1","USB","27","","","URB_INTERRUPT in"
"259","94.434404","2.11.1","host","USB","35","0200000000000000","000000000000","URB_INTERRUPT in"
"260","94.434497","host","2.11.1","USB","27","","","URB_INTERRUPT in"
"261","95.066300","2.11.1","host","USB","35","02001d0000000000","1d0000000000","URB_INTERRUPT in"
"262","95.066411","host","2.11.1","USB","27","","","URB_INTERRUPT in"
"263","95.210399","2.11.1","host","USB","35","0200000000000000","000000000000","URB_INTERRUPT in"
"264","95.210481","host","2.11.1","USB","27","","","URB_INTERRUPT in"
"265","95.354442","2.11.1","host","USB","35","0000000000000000","000000000000","URB_INTERRUPT in"
"266","95.354501","host","2.11.1","USB","27","","","URB_INTERRUPT in"
"267","95.362434","2.11.1","host","USB","35","0000000000000000","000000000000","URB_INTERRUPT in"
"268","95.362466","host","2.11.1","USB","27","","","URB_INTERRUPT in"
"269","100.146403","2.11.1","host","USB","35","0200000000000000","000000000000","URB_INTERRUPT in"
"270","100.146504","host","2.11.1","USB","27","","","URB_INTERRUPT in"
"271","101.066323","2.11.1","host","USB","35","0200190000000000","190000000000","URB_INTERRUPT in"
"272","101.066398","host","2.11.1","USB","27","","","URB_INTERRUPT in"
"273","101.202314","2.11.1","host","USB","35","0200000000000000","000000000000","URB_INTERRUPT in"
"274","101.202354","host","2.11.1","USB","27","","","URB_INTERRUPT in"
"275","101.458260","2.11.1","host","USB","35","0000000000000000","000000000000","URB_INTERRUPT in"
"276","101.458292","host","2.11.1","USB","27","","","URB_INTERRUPT in"
"277","101.466291","2.11.1","host","USB","35","0000000000000000","000000000000","URB_INTERRUPT in"
"278","101.466315","host","2.11.1","USB","27","","","URB_INTERRUPT in"
"279","104.066364","2.11.1","host","USB","35","0000250000000000","250000000000","URB_INTERRUPT in"
"280","104.066446","host","2.11.1","USB","27","","","URB_INTERRUPT in"
"281","104.202236","2.11.1","host","USB","35","0000000000000000","000000000000","URB_INTERRUPT in"
"282","104.202271","host","2.11.1","USB","27","","","URB_INTERRUPT in"
"283","104.210234","2.11.1","host","USB","35","0000000000000000","000000000000","URB_INTERRUPT in"
"284","104.210259","host","2.11.1","USB","27","","","URB_INTERRUPT in"
"285","106.002345","2.11.1","host","USB","35","0000270000000000","270000000000","URB_INTERRUPT in"
"286","106.002379","host","2.11.1","USB","27","","","URB_INTERRUPT in"
"287","106.114483","2.11.1","host","USB","35","0000000000000000","000000000000","URB_INTERRUPT in"
"288","106.114548","host","2.11.1","USB","27","","","URB_INTERRUPT in"
"289","106.122232","2.11.1","host","USB","35","0000000000000000","000000000000","URB_INTERRUPT in"
"290","106.122265","host","2.11.1","USB","27","","","URB_INTERRUPT in"
"291","106.962302","2.11.1","host","USB","35","0000050000000000","050000000000","URB_INTERRUPT in"
"292","106.962367","host","2.11.1","USB","27","","","URB_INTERRUPT in"
"293","107.058441","2.11.1","host","USB","35","0000000000000000","000000000000","URB_INTERRUPT in"
"294","107.058606","host","2.11.1","USB","27","","","URB_INTERRUPT in"
"295","107.066223","2.11.1","host","USB","35","0000000000000000","000000000000","URB_INTERRUPT in"
"296","107.066249","host","2.11.1","USB","27","","","URB_INTERRUPT in"
"297","108.242349","2.11.1","host","USB","35","0000100000000000","100000000000","URB_INTERRUPT in"
"298","108.242433","host","2.11.1","USB","27","","","URB_INTERRUPT in"
"299","108.330287","2.11.1","host","USB","35","0000000000000000","000000000000","URB_INTERRUPT in"
"300","108.330414","host","2.11.1","USB","27","","","URB_INTERRUPT in"
"301","108.338269","2.11.1","host","USB","35","0000000000000000","000000000000","URB_INTERRUPT in"
"302","108.338287","host","2.11.1","USB","27","","","URB_INTERRUPT in"
"303","109.922272","2.11.1","host","USB","35","0200000000000000","000000000000","URB_INTERRUPT in"
"304","109.922310","host","2.11.1","USB","27","","","URB_INTERRUPT in"
"305","111.026227","2.11.1","host","USB","35","0200150000000000","150000000000","URB_INTERRUPT in"
"306","111.026301","host","2.11.1","USB","27","","","URB_INTERRUPT in"
"307","111.114345","2.11.1","host","USB","35","0200000000000000","000000000000","URB_INTERRUPT in"
"308","111.114416","host","2.11.1","USB","27","","","URB_INTERRUPT in"
"309","111.562333","2.11.1","host","USB","35","0000000000000000","000000000000","URB_INTERRUPT in"
"310","111.562418","host","2.11.1","USB","27","","","URB_INTERRUPT in"
"311","111.570326","2.11.1","host","USB","35","0000000000000000","000000000000","URB_INTERRUPT in"
"312","111.570380","host","2.11.1","USB","27","","","URB_INTERRUPT in"
"313","113.066283","2.11.1","host","USB","35","0000090000000000","090000000000","URB_INTERRUPT in"
"314","113.066348","host","2.11.1","USB","27","","","URB_INTERRUPT in"
"315","113.226363","2.11.1","host","USB","35","0000000000000000","000000000000","URB_INTERRUPT in"
"316","113.226434","host","2.11.1","USB","27","","","URB_INTERRUPT in"
"317","113.234371","2.11.1","host","USB","35","0000000000000000","000000000000","URB_INTERRUPT in"
"318","113.234425","host","2.11.1","USB","27","","","URB_INTERRUPT in"
"319","115.690286","2.11.1","host","USB","35","0000060000000000","060000000000","URB_INTERRUPT in"
"320","115.690332","host","2.11.1","USB","27","","","URB_INTERRUPT in"
"321","115.818192","2.11.1","host","USB","35","0000000000000000","000000000000","URB_INTERRUPT in"
"322","115.818227","host","2.11.1","USB","27","","","URB_INTERRUPT in"
"323","115.826197","2.11.1","host","USB","35","0000000000000000","000000000000","URB_INTERRUPT in"
"324","115.826220","host","2.11.1","USB","27","","","URB_INTERRUPT in"
"325","117.578197","2.11.1","host","USB","35","0200000000000000","000000000000","URB_INTERRUPT in"
"326","117.578269","host","2.11.1","USB","27","","","URB_INTERRUPT in"
"327","117.970226","2.11.1","host","USB","35","0200070000000000","070000000000","URB_INTERRUPT in"
"328","117.970286","host","2.11.1","USB","27","","","URB_INTERRUPT in"
"329","118.082193","2.11.1","host","USB","35","0200000000000000","000000000000","URB_INTERRUPT in"
"330","118.082257","host","2.11.1","USB","27","","","URB_INTERRUPT in"
"331","118.242221","2.11.1","host","USB","35","0000000000000000","000000000000","URB_INTERRUPT in"
"332","118.242279","host","2.11.1","USB","27","","","URB_INTERRUPT in"
"333","118.250297","2.11.1","host","USB","35","0000000000000000","000000000000","URB_INTERRUPT in"
"334","118.250322","host","2.11.1","USB","27","","","URB_INTERRUPT in"
"335","120.474194","2.11.1","host","USB","35","0200000000000000","000000000000","URB_INTERRUPT in"
"336","120.474272","host","2.11.1","USB","27","","","URB_INTERRUPT in"
"337","120.826275","2.11.1","host","USB","35","0200150000000000","150000000000","URB_INTERRUPT in"
"338","120.826317","host","2.11.1","USB","27","","","URB_INTERRUPT in"
"339","120.962338","2.11.1","host","USB","35","0200000000000000","000000000000","URB_INTERRUPT in"
"340","120.962382","host","2.11.1","USB","27","","","URB_INTERRUPT in"
"341","121.034186","2.11.1","host","USB","35","0000000000000000","000000000000","URB_INTERRUPT in"
"342","121.034261","host","2.11.1","USB","27","","","URB_INTERRUPT in"
"343","121.042314","2.11.1","host","USB","35","0000000000000000","000000000000","URB_INTERRUPT in"
"344","121.042364","host","2.11.1","USB","27","","","URB_INTERRUPT in"
"345","125.026218","2.11.1","host","USB","35","00001d0000000000","1d0000000000","URB_INTERRUPT in"
"346","125.026312","host","2.11.1","USB","27","","","URB_INTERRUPT in"
"347","125.106372","2.11.1","host","USB","35","0000000000000000","000000000000","URB_INTERRUPT in"
"348","125.106502","host","2.11.1","USB","27","","","URB_INTERRUPT in"
"349","125.114205","2.11.1","host","USB","35","0000000000000000","000000000000","URB_INTERRUPT in"
"350","125.114230","host","2.11.1","USB","27","","","URB_INTERRUPT in"
"351","127.322147","2.11.1","host","USB","35","0000060000000000","060000000000","URB_INTERRUPT in"
"352","127.322180","host","2.11.1","USB","27","","","URB_INTERRUPT in"
"353","127.434183","2.11.1","host","USB","35","0000000000000000","000000000000","URB_INTERRUPT in"
"354","127.434212","host","2.11.1","USB","27","","","URB_INTERRUPT in"
"355","127.442149","2.11.1","host","USB","35","0000000000000000","000000000000","URB_INTERRUPT in"
"356","127.442178","host","2.11.1","USB","27","","","URB_INTERRUPT in"
"357","129.074141","2.11.1","host","USB","35","0000200000000000","200000000000","URB_INTERRUPT in"
"358","129.074173","host","2.11.1","USB","27","","","URB_INTERRUPT in"
"359","129.202268","2.11.1","host","USB","35","0000000000000000","000000000000","URB_INTERRUPT in"
"360","129.202302","host","2.11.1","USB","27","","","URB_INTERRUPT in"
"361","129.210201","2.11.1","host","USB","35","0000000000000000","000000000000","URB_INTERRUPT in"
"362","129.210432","host","2.11.1","USB","27","","","URB_INTERRUPT in"
"363","131.026361","2.11.1","host","USB","35","0000060000000000","060000000000","URB_INTERRUPT in"
"364","131.026516","host","2.11.1","USB","27","","","URB_INTERRUPT in"
"365","131.154144","2.11.1","host","USB","35","0000000000000000","000000000000","URB_INTERRUPT in"
"366","131.154215","host","2.11.1","USB","27","","","URB_INTERRUPT in"
"367","131.162186","2.11.1","host","USB","35","0000000000000000","000000000000","URB_INTERRUPT in"
"368","131.162213","host","2.11.1","USB","27","","","URB_INTERRUPT in"
"369","133.106146","2.11.1","host","USB","35","00001a0000000000","1a0000000000","URB_INTERRUPT in"
"370","133.106225","host","2.11.1","USB","27","","","URB_INTERRUPT in"
"371","133.218162","2.11.1","host","USB","35","0000000000000000","000000000000","URB_INTERRUPT in"
"372","133.218202","host","2.11.1","USB","27","","","URB_INTERRUPT in"
"373","133.226161","2.11.1","host","USB","35","0000000000000000","000000000000","URB_INTERRUPT in"
"374","133.226188","host","2.11.1","USB","27","","","URB_INTERRUPT in"
"375","137.418132","2.11.1","host","USB","35","0000060000000000","060000000000","URB_INTERRUPT in"
"376","137.418208","host","2.11.1","USB","27","","","URB_INTERRUPT in"
"377","137.562276","2.11.1","host","USB","35","0000000000000000","000000000000","URB_INTERRUPT in"
"378","137.562314","host","2.11.1","USB","27","","","URB_INTERRUPT in"
"379","137.570237","2.11.1","host","USB","35","0000000000000000","000000000000","URB_INTERRUPT in"
"380","137.570297","host","2.11.1","USB","27","","","URB_INTERRUPT in"
"381","139.282241","2.11.1","host","USB","35","0000100000000000","100000000000","URB_INTERRUPT in"
"382","139.282322","host","2.11.1","USB","27","","","URB_INTERRUPT in"
"383","139.426110","2.11.1","host","USB","35","0000000000000000","000000000000","URB_INTERRUPT in"
"384","139.426155","host","2.11.1","USB","27","","","URB_INTERRUPT in"
"385","139.434153","2.11.1","host","USB","35","0000000000000000","000000000000","URB_INTERRUPT in"
"386","139.434179","host","2.11.1","USB","27","","","URB_INTERRUPT in"
"387","140.578249","2.11.1","host","USB","35","0200000000000000","000000000000","URB_INTERRUPT in"
"388","140.578332","host","2.11.1","USB","27","","","URB_INTERRUPT in"
"389","140.826136","2.11.1","host","USB","35","0200140000000000","140000000000","URB_INTERRUPT in"
"390","140.826167","host","2.11.1","USB","27","","","URB_INTERRUPT in"
"391","140.922170","2.11.1","host","USB","35","0200000000000000","000000000000","URB_INTERRUPT in"
"392","140.922243","host","2.11.1","USB","27","","","URB_INTERRUPT in"
"393","141.026230","2.11.1","host","USB","35","0000000000000000","000000000000","URB_INTERRUPT in"
"394","141.026307","host","2.11.1","USB","27","","","URB_INTERRUPT in"
"395","141.034099","2.11.1","host","USB","35","0000000000000000","000000000000","URB_INTERRUPT in"
"396","141.034152","host","2.11.1","USB","27","","","URB_INTERRUPT in"
"397","148.570192","2.11.1","host","USB","35","00002e0000000000","2e0000000000","URB_INTERRUPT in"
"398","148.570275","host","2.11.1","USB","27","","","URB_INTERRUPT in"
"399","148.690083","2.11.1","host","USB","35","0000000000000000","000000000000","URB_INTERRUPT in"
"400","148.690152","host","2.11.1","USB","27","","","URB_INTERRUPT in"
"401","148.698079","2.11.1","host","USB","35","0000000000000000","000000000000","URB_INTERRUPT in"
"402","148.698135","host","2.11.1","USB","27","","","URB_INTERRUPT in"
"403","156.967261","2.11.2","host","USB","27","","","URB_INTERRUPT in"
"404","156.967325","2.11.2","host","USB","27","","","URB_INTERRUPT in"
"405","156.967357","2.11.1","host","USB","27","","","URB_INTERRUPT in"
"406","156.967363","2.11.1","host","USB","27","","","URB_INTERRUPT in"
